{
  "project_info": {
    "project_number": "713188271581",
    "project_id": "my-application2-77886",
    "storage_bucket": "my-application2-77886.appspot.com"
  },
  "client": [
    {
      "client_info": {
        "mobilesdk_app_id": "1:713188271581:android:c2e688096f9be5a4844234",
        "android_client_info": {
          "package_name": "com.example.myapplication"
        }
      },
      "oauth_client": [
        {
          "client_id": "713188271581-hphtuqkf0qm0cvbh00ipc0g31rdqvc64.apps.googleusercontent.com",
          "client_type": 3
        }
      ],
      "api_key": [
        {
          "current_key": "AIzaSyBgntWBIKXvwiVqrYY3HPAWGO1fDIeiNC0"
        }
      ],
      "services": {
        "appinvite_service": {
          "other_platform_oauth_client": [
            {
              "client_id": "713188271581-hphtuqkf0qm0cvbh00ipc0g31rdqvc64.apps.googleusercontent.com",
              "client_type": 3
            }
          ]
        }
      }
    }
  ],
  "configuration_version": "1"
}